Method,Job,AnalyzeLaunchVariance,EvaluateOverhead,MaxAbsoluteError,MaxRelativeError,MinInvokeCount,MinIterationTime,OutlierMode,Affinity,EnvironmentVariables,Jit,LargeAddressAware,Platform,PowerPlanMode,Runtime,AllowVeryLargeObjects,Concurrent,CpuGroups,Force,HeapAffinitizeMask,HeapCount,NoAffinitize,RetainVm,Server,Arguments,BuildConfiguration,Clock,EngineFactory,NuGetReferences,Toolchain,IsMutator,InvocationCount,IterationCount,IterationTime,LaunchCount,MaxIterationCount,MaxWarmupIterationCount,MemoryRandomization,MinIterationCount,MinWarmupIterationCount,RunStrategy,UnrollFactor,WarmupCount,PropertyCount,Missing,Mean,Error,StdDev,Ratio,RatioSD,Gen0,Allocated,Alloc Ratio
GetStringNames,ShortRun,False,Default,Default,Default,Default,Default,Default,00000000,Empty,RyuJit,Default,Arm64,8c5e7fda-e8bf-4a96-9a85-a6e23a8c635c,.NET 10.0,False,True,False,True,Default,Default,False,False,False,Default,Default,Default,Default,Default,InProcessEmitToolchain,Default,Default,3,Default,1,Default,Default,Default,Default,Default,Default,16,3,1,False,65.47 ns,18.728 ns,1.027 ns,1.00,0.02,0.0181,152 B,1.00
NameEquals,ShortRun,False,Default,Default,Default,Default,Default,Default,00000000,Empty,RyuJit,Default,Arm64,8c5e7fda-e8bf-4a96-9a85-a6e23a8c635c,.NET 10.0,False,True,False,True,Default,Default,False,False,False,Default,Default,Default,Default,Default,InProcessEmitToolchain,Default,Default,3,Default,1,Default,Default,Default,Default,Default,Default,16,3,1,False,39.27 ns,8.052 ns,0.441 ns,0.60,0.01,0.0048,40 B,0.26
SequenceReader,ShortRun,False,Default,Default,Default,Default,Default,Default,00000000,Empty,RyuJit,Default,Arm64,8c5e7fda-e8bf-4a96-9a85-a6e23a8c635c,.NET 10.0,False,True,False,True,Default,Default,False,False,False,Default,Default,Default,Default,Default,InProcessEmitToolchain,Default,Default,3,Default,1,Default,Default,Default,Default,Default,Default,16,3,1,False,100.14 ns,15.236 ns,0.835 ns,1.53,0.02,0.0048,40 B,0.26
SpanReader,ShortRun,False,Default,Default,Default,Default,Default,Default,00000000,Empty,RyuJit,Default,Arm64,8c5e7fda-e8bf-4a96-9a85-a6e23a8c635c,.NET 10.0,False,True,False,True,Default,Default,False,False,False,Default,Default,Default,Default,Default,InProcessEmitToolchain,Default,Default,3,Default,1,Default,Default,Default,Default,Default,Default,16,3,1,False,100.74 ns,88.923 ns,4.874 ns,1.54,0.07,0.0048,40 B,0.26
GetStringNames,ShortRun,False,Default,Default,Default,Default,Default,Default,00000000,Empty,RyuJit,Default,Arm64,8c5e7fda-e8bf-4a96-9a85-a6e23a8c635c,.NET 10.0,False,True,False,True,Default,Default,False,False,False,Default,Default,Default,Default,Default,InProcessEmitToolchain,Default,Default,3,Default,1,Default,Default,Default,Default,Default,Default,16,3,1,True,27.49 ns,2.031 ns,0.111 ns,1.00,0.00,0.0048,40 B,1.00
NameEquals,ShortRun,False,Default,Default,Default,Default,Default,Default,00000000,Empty,RyuJit,Default,Arm64,8c5e7fda-e8bf-4a96-9a85-a6e23a8c635c,.NET 10.0,False,True,False,True,Default,Default,False,False,False,Default,Default,Default,Default,Default,InProcessEmitToolchain,Default,Default,3,Default,1,Default,Default,Default,Default,Default,Default,16,3,1,True,18.03 ns,3.441 ns,0.189 ns,0.66,0.01,0.0000,0 B,0.00
SequenceReader,ShortRun,False,Default,Default,Default,Default,Default,Default,00000000,Empty,RyuJit,Default,Arm64,8c5e7fda-e8bf-4a96-9a85-a6e23a8c635c,.NET 10.0,False,True,False,True,Default,Default,False,False,False,Default,Default,Default,Default,Default,InProcessEmitToolchain,Default,Default,3,Default,1,Default,Default,Default,Default,Default,Default,16,3,1,True,72.51 ns,15.875 ns,0.870 ns,2.64,0.03,0.0000,0 B,0.00
SpanReader,ShortRun,False,Default,Default,Default,Default,Default,Default,00000000,Empty,RyuJit,Default,Arm64,8c5e7fda-e8bf-4a96-9a85-a6e23a8c635c,.NET 10.0,False,True,False,True,Default,Default,False,False,False,Default,Default,Default,Default,Default,InProcessEmitToolchain,Default,Default,3,Default,1,Default,Default,Default,Default,Default,Default,16,3,1,True,64.86 ns,12.668 ns,0.694 ns,2.36,0.02,0.0000,0 B,0.00
GetStringNames,ShortRun,False,Default,Default,Default,Default,Default,Default,00000000,Empty,RyuJit,Default,Arm64,8c5e7fda-e8bf-4a96-9a85-a6e23a8c635c,.NET 10.0,False,True,False,True,Default,Default,False,False,False,Default,Default,Default,Default,Default,InProcessEmitToolchain,Default,Default,3,Default,1,Default,Default,Default,Default,Default,Default,16,3,64,False,"1,485.42 ns",377.852 ns,20.711 ns,1.00,0.02,0.3185,2672 B,1.00
NameEquals,ShortRun,False,Default,Default,Default,Default,Default,Default,00000000,Empty,RyuJit,Default,Arm64,8c5e7fda-e8bf-4a96-9a85-a6e23a8c635c,.NET 10.0,False,True,False,True,Default,Default,False,False,False,Default,Default,Default,Default,Default,InProcessEmitToolchain,Default,Default,3,Default,1,Default,Default,Default,Default,Default,Default,16,3,64,False,796.52 ns,230.243 ns,12.620 ns,0.54,0.01,0.0048,40 B,0.01
SequenceReader,ShortRun,False,Default,Default,Default,Default,Default,Default,00000000,Empty,RyuJit,Default,Arm64,8c5e7fda-e8bf-4a96-9a85-a6e23a8c635c,.NET 10.0,False,True,False,True,Default,Default,False,False,False,Default,Default,Default,Default,Default,InProcessEmitToolchain,Default,Default,3,Default,1,Default,Default,Default,Default,Default,Default,16,3,64,False,"1,289.56 ns",301.982 ns,16.553 ns,0.87,0.01,0.0038,40 B,0.01
SpanReader,ShortRun,False,Default,Default,Default,Default,Default,Default,00000000,Empty,RyuJit,Default,Arm64,8c5e7fda-e8bf-4a96-9a85-a6e23a8c635c,.NET 10.0,False,True,False,True,Default,Default,False,False,False,Default,Default,Default,Default,Default,InProcessEmitToolchain,Default,Default,3,Default,1,Default,Default,Default,Default,Default,Default,16,3,64,False,"1,287.24 ns",262.750 ns,14.402 ns,0.87,0.01,0.0038,40 B,0.01
GetStringNames,ShortRun,False,Default,Default,Default,Default,Default,Default,00000000,Empty,RyuJit,Default,Arm64,8c5e7fda-e8bf-4a96-9a85-a6e23a8c635c,.NET 10.0,False,True,False,True,Default,Default,False,False,False,Default,Default,Default,Default,Default,InProcessEmitToolchain,Default,Default,3,Default,1,Default,Default,Default,Default,Default,Default,16,3,64,True,"1,363.34 ns",248.701 ns,13.632 ns,1.00,0.01,0.3052,2560 B,1.00
NameEquals,ShortRun,False,Default,Default,Default,Default,Default,Default,00000000,Empty,RyuJit,Default,Arm64,8c5e7fda-e8bf-4a96-9a85-a6e23a8c635c,.NET 10.0,False,True,False,True,Default,Default,False,False,False,Default,Default,Default,Default,Default,InProcessEmitToolchain,Default,Default,3,Default,1,Default,Default,Default,Default,Default,Default,16,3,64,True,769.71 ns,112.860 ns,6.186 ns,0.56,0.01,0.0000,0 B,0.00
SequenceReader,ShortRun,False,Default,Default,Default,Default,Default,Default,00000000,Empty,RyuJit,Default,Arm64,8c5e7fda-e8bf-4a96-9a85-a6e23a8c635c,.NET 10.0,False,True,False,True,Default,Default,False,False,False,Default,Default,Default,Default,Default,InProcessEmitToolchain,Default,Default,3,Default,1,Default,Default,Default,Default,Default,Default,16,3,64,True,"1,252.10 ns",109.689 ns,6.012 ns,0.92,0.01,0.0000,0 B,0.00
SpanReader,ShortRun,False,Default,Default,Default,Default,Default,Default,00000000,Empty,RyuJit,Default,Arm64,8c5e7fda-e8bf-4a96-9a85-a6e23a8c635c,.NET 10.0,False,True,False,True,Default,Default,False,False,False,Default,Default,Default,Default,Default,InProcessEmitToolchain,Default,Default,3,Default,1,Default,Default,Default,Default,Default,Default,16,3,64,True,"1,241.84 ns",263.628 ns,14.450 ns,0.91,0.01,0.0000,0 B,0.00
